rank,stock,spot,sell_strike,buy_strike,otm_percent,otm_points,width,credit,lot_size,profit_per_lot,loss_per_lot,breakeven,profit_to_loss
1,KALJEW,615.8,570.0,560.0,7.437479701201682,45.799999999999955,10.0,1.7999999999999998,1350,2429.9999999999995,11069.999999999998,568.2,4.555555555555555
2,KALJEW,615.8,570.0,550.0,7.437479701201682,45.799999999999955,20.0,3.45,1350,4657.5,22342.5,566.55,4.797101449275362
3,KALJEW,615.8,575.0,570.0,6.625527768756083,40.799999999999955,5.0,1.0,1350,1350.0,5400.0,574.0,4.0
4,KALJEW,615.8,575.0,565.0,6.625527768756083,40.799999999999955,10.0,2.1000000000000005,1350,2835.000000000001,10665.0,572.9,3.7619047619047605
5,KALJEW,615.8,575.0,560.0,6.625527768756083,40.799999999999955,15.0,3.1000000000000005,1350,4185.000000000001,16064.999999999998,571.9,3.8387096774193536
6,KALJEW,615.8,575.0,550.0,6.625527768756083,40.799999999999955,25.0,4.750000000000001,1350,6412.500000000001,27337.5,570.25,4.263157894736842
7,KALJEW,615.8,575.0,540.0,6.625527768756083,40.799999999999955,35.0,6.000000000000001,1350,8100.000000000001,39150.0,569.0,4.833333333333333
8,BHADYN,1306.0,1220.0,1200.0,6.584992343032159,86.0,20.0,3.6000000000000014,1,3.6000000000000014,16.4,1216.4,4.555555555555554
9,ANGBRO,294.0,275.0,270.0,6.462585034013606,19.0,5.0,0.8500000000000001,1,0.8500000000000001,4.15,274.15,4.88235294117647
10,LAULAB,1938.5,1820.0,1800.0,6.112973948929585,118.5,20.0,3.3499999999999996,1,3.3499999999999996,16.65,1816.65,4.970149253731344
11,INDREN,117.02,110.0,100.0,5.998974534267643,7.019999999999996,10.0,2.1999999999999997,1,2.1999999999999997,7.800000000000001,107.8,3.5454545454545463
12,ATHENE,1616.3,1520.0,1500.0,5.958052341768234,96.29999999999995,20.0,4.650000000000002,1,4.650000000000002,15.349999999999998,1515.35,3.3010752688172023
13,KALJEW,615.8,580.0,575.0,5.813575836310483,35.799999999999955,5.0,1.1500000000000004,1350,1552.5000000000005,5197.499999999999,578.85,3.34782608695652
14,KALJEW,615.8,580.0,570.0,5.813575836310483,35.799999999999955,10.0,2.3499999999999996,1350,3172.4999999999995,10327.5,577.65,3.2553191489361706
15,KALJEW,615.8,580.0,565.0,5.813575836310483,35.799999999999955,15.0,3.45,1350,4657.5,15592.500000000002,576.55,3.347826086956522
16,KALJEW,615.8,580.0,560.0,5.813575836310483,35.799999999999955,20.0,4.45,1350,6007.5,20992.5,575.55,3.49438202247191
17,KALJEW,615.8,580.0,550.0,5.813575836310483,35.799999999999955,30.0,6.1000000000000005,1350,8235.0,32264.999999999996,573.9,3.9180327868852456
18,KALJEW,615.8,580.0,540.0,5.813575836310483,35.799999999999955,40.0,7.3500000000000005,1350,9922.5,44077.5,572.65,4.442176870748299
19,KALJEW,615.8,580.0,530.0,5.813575836310483,35.799999999999955,50.0,8.350000000000001,1350,11272.500000000002,56227.5,571.65,4.988023952095808
20,MACDEV,1274.0,1200.0,1100.0,5.808477237048666,74.0,100.0,22.150000000000002,1,22.150000000000002,77.85,1177.85,3.5146726862302478
21,MACDEV,1274.0,1200.0,1080.0,5.808477237048666,74.0,120.0,23.8,1,23.8,96.2,1176.2,4.042016806722689
22,ZOMLIM,328.0,310.0,305.0,5.487804878048781,18.0,5.0,0.9000000000000004,1,0.9000000000000004,4.1,309.1,4.555555555555554
23,PREENR,1013.9,960.0,940.0,5.316106124864383,53.89999999999998,20.0,3.75,1,3.75,16.25,956.25,4.333333333333333
24,CDSL,1414.7,1340.0,1320.0,5.280271435640068,74.70000000000005,20.0,3.3500000000000014,1,3.3500000000000014,16.65,1336.65,4.970149253731341
25,ADATRA,1581.4,1500.0,1460.0,5.147337801947647,81.40000000000009,40.0,6.9,1,6.9,33.1,1493.1,4.797101449275362
26,HINZIN,622.0,590.0,580.0,5.144694533762058,32.0,10.0,1.75,1,1.75,8.25,588.25,4.714285714285714
27,LAULAB,1938.5,1840.0,1820.0,5.08124838792881,98.5,20.0,4.300000000000001,1,4.300000000000001,15.7,1835.7,3.651162790697674
28,LAULAB,1938.5,1840.0,1800.0,5.08124838792881,98.5,40.0,8.05,1,8.05,31.95,1831.95,3.9689440993788816
29,LAULAB,1938.5,1840.0,1780.0,5.08124838792881,98.5,60.0,10.8,1,10.8,49.2,1829.2,4.555555555555555
30,BHADYN,1306.0,1240.0,1220.0,5.053598774885145,66.0,20.0,4.799999999999997,1,4.799999999999997,15.200000000000003,1235.2,3.166666666666669
31,BHADYN,1306.0,1240.0,1200.0,5.053598774885145,66.0,40.0,9.149999999999999,1,9.149999999999999,30.85,1230.85,3.3715846994535528
32,SAGINI,46.34,44.0,43.0,5.0496331463098905,2.3400000000000034,1.0,0.18000000000000005,1,0.18000000000000005,0.82,43.82,4.5555555555555545
33,SAGINI,46.34,44.0,42.0,5.0496331463098905,2.3400000000000034,2.0,0.38,1,0.38,1.62,43.62,4.2631578947368425
34,SAGINI,46.34,44.0,41.0,5.0496331463098905,2.3400000000000034,3.0,0.52,1,0.52,2.48,43.48,4.769230769230769
35,BHEL,430.85,410.0,405.0,4.8392712080770615,20.850000000000023,5.0,0.8999999999999999,1,0.8999999999999999,4.1,409.1,4.555555555555555
36,BHEL,430.85,410.0,400.0,4.8392712080770615,20.850000000000023,10.0,1.7999999999999998,1,1.7999999999999998,8.2,408.2,4.555555555555555
37,KPITE,609.4,580.0,570.0,4.824417459796518,29.399999999999977,10.0,1.7000000000000002,1,1.7000000000000002,8.3,578.3,4.88235294117647
38,ANGBRO,294.0,280.0,275.0,4.761904761904762,14.0,5.0,1.0999999999999996,1,1.0999999999999996,3.9000000000000004,278.9,3.5454545454545467
39,ANGBRO,294.0,280.0,270.0,4.761904761904762,14.0,10.0,2.1999999999999997,1,2.1999999999999997,7.800000000000001,277.8,3.5454545454545463
40,ANGBRO,294.0,280.0,265.0,4.761904761904762,14.0,15.0,2.9499999999999997,1,2.9499999999999997,12.05,277.05,4.084745762711865
41,ANGBRO,294.0,280.0,260.0,4.761904761904762,14.0,20.0,3.5,1,3.5,16.5,276.5,4.714285714285714
42,ASHLEY,175.77,167.5,165.0,4.705012231893957,8.27000000000001,2.5,0.41999999999999993,1,0.41999999999999993,2.08,167.08,4.952380952380953
43,NIITEC,2014.6,1920.0,1900.0,4.6957212349846085,94.59999999999991,20.0,3.3500000000000014,1,3.3500000000000014,16.65,1916.65,4.970149253731341
44,NIITEC,2014.6,1920.0,1880.0,4.6957212349846085,94.59999999999991,40.0,7.5,1,7.5,32.5,1912.5,4.333333333333333
45,NIITEC,2014.6,1920.0,1860.0,4.6957212349846085,94.59999999999991,60.0,10.65,1,10.65,49.35,1909.35,4.633802816901408
46,NIITEC,2014.6,1920.0,1840.0,4.6957212349846085,94.59999999999991,80.0,13.35,1,13.35,66.65,1906.65,4.992509363295881
47,WIPRO,180.95,172.5,170.0,4.6697982868195576,8.449999999999989,2.5,0.45999999999999996,1,0.45999999999999996,2.04,172.04,4.434782608695652
48,LTFINA,314.3,300.0,290.0,4.549793191218584,14.300000000000011,10.0,1.7499999999999998,1,1.7499999999999998,8.25,298.25,4.714285714285715
49,TATMOT,319.4,305.0,300.0,4.508453350031302,14.399999999999977,5.0,0.9000000000000001,1,0.9000000000000001,4.1,304.1,4.5555555555555545
50,VEDLIM,287.95,275.0,270.0,4.497308560513975,12.949999999999989,5.0,0.8999999999999999,1,0.8999999999999999,4.1,274.1,4.555555555555555
51,DLFLIM,679.8,650.0,640.0,4.383642247719911,29.799999999999955,10.0,1.8499999999999996,1,1.8499999999999996,8.15,648.15,4.405405405405406
52,DLFLIM,679.8,650.0,630.0,4.383642247719911,29.799999999999955,20.0,3.55,1,3.55,16.45,646.45,4.633802816901408
53,TCS,2342.0,2240.0,2200.0,4.355251921434671,102.0,40.0,6.700000000000003,225,1507.5000000000007,7492.499999999999,2233.3,4.97014925373134
54,RAIVIK,214.22,205.0,200.0,4.3039865558771355,9.219999999999999,5.0,0.9000000000000001,1,0.9000000000000001,4.1,204.1,4.5555555555555545
55,ONE97,1650.9,1580.0,1560.0,4.294627173057126,70.90000000000009,20.0,4.400000000000002,1,4.400000000000002,15.599999999999998,1575.6,3.545454545454543
56,ONE97,1650.9,1580.0,1540.0,4.294627173057126,70.90000000000009,40.0,7.900000000000002,1,7.900000000000002,32.099999999999994,1572.1,4.063291139240505
57,SONBLW,815.0,780.0,750.0,4.294478527607362,35.0,30.0,5.500000000000001,1,5.500000000000001,24.5,774.5,4.454545454545454
58,VISMEG,107.0,102.5,100.0,4.205607476635514,4.5,2.5,0.44999999999999996,1,0.44999999999999996,2.05,102.05,4.555555555555555
59,COMAGE,762.0,730.0,720.0,4.199475065616798,32.0,10.0,1.6999999999999993,1,1.6999999999999993,8.3,728.3,4.882352941176473
60,KALJEW,615.8,590.0,550.0,4.189671971419285,25.799999999999955,40.0,9.3,1350,12555.000000000002,41445.0,580.7,3.301075268817204
61,KALJEW,615.8,590.0,540.0,4.189671971419285,25.799999999999955,50.0,10.55,1350,14242.500000000002,53257.50000000001,579.45,3.7393364928909953
62,KALJEW,615.8,590.0,530.0,4.189671971419285,25.799999999999955,60.0,11.55,1350,15592.500000000002,65407.50000000001,578.45,4.194805194805195
63,KALJEW,615.8,590.0,520.0,4.189671971419285,25.799999999999955,70.0,12.149999999999999,1350,16402.499999999996,78097.5,577.85,4.761316872427985
64,JUBFOO,490.45,470.0,450.0,4.1696401264145155,20.44999999999999,20.0,3.45,1,3.45,16.55,466.55,4.797101449275362
65,LAULAB,1938.5,1860.0,1800.0,4.049522826928037,78.5,60.0,14.0,1,14.0,46.0,1846.0,3.2857142857142856
66,LAULAB,1938.5,1860.0,1780.0,4.049522826928037,78.5,80.0,16.75,1,16.75,63.25,1843.25,3.7761194029850746
67,LAULAB,1938.5,1860.0,1760.0,4.049522826928037,78.5,100.0,18.9,1,18.9,81.1,1841.1,4.291005291005291
68,LIC,422.0,405.0,400.0,4.028436018957346,17.0,5.0,0.8999999999999999,1,0.8999999999999999,4.1,404.1,4.555555555555555
69,MANAFI,348.9,335.0,330.0,3.9839495557466265,13.899999999999977,5.0,0.9500000000000002,1,0.9500000000000002,4.05,334.05,4.263157894736841
70,ZOMLIM,328.0,315.0,310.0,3.9634146341463414,13.0,5.0,1.1500000000000004,1,1.1500000000000004,3.8499999999999996,313.85,3.34782608695652
71,ZOMLIM,328.0,315.0,305.0,3.9634146341463414,13.0,10.0,2.1500000000000004,1,2.1500000000000004,7.85,312.85,3.651162790697674
72,ZOMLIM,328.0,315.0,300.0,3.9634146341463414,13.0,15.0,2.9000000000000004,1,2.9000000000000004,12.1,312.1,4.1724137931034475
73,ZOMLIM,328.0,315.0,295.0,3.9634146341463414,13.0,20.0,3.45,1,3.45,16.55,311.55,4.797101449275362
74,CDSL,1414.7,1360.0,1340.0,3.866544143634696,54.700000000000045,20.0,4.1,1,4.1,15.9,1355.9,3.878048780487805
75,CDSL,1414.7,1360.0,1320.0,3.866544143634696,54.700000000000045,40.0,8.0,1,8.0,32.0,1352.0,4.0
76,CDSL,1414.7,1360.0,1300.0,3.866544143634696,54.700000000000045,60.0,10.7,1,10.7,49.3,1349.3,4.607476635514018
77,INFTEC,1144.0,1100.0,1080.0,3.8461538461538463,44.0,20.0,3.8499999999999996,1,3.8499999999999996,16.15,1096.15,4.194805194805195
78,INFTEC,1144.0,1100.0,1060.0,3.8461538461538463,44.0,40.0,6.800000000000001,1,6.800000000000001,33.2,1093.2,4.88235294117647
79,SUZENE,46.79,45.0,44.0,3.825603761487496,1.7899999999999991,1.0,0.22000000000000003,1,0.22000000000000003,0.78,44.78,3.545454545454545
80,SUZENE,46.79,45.0,43.0,3.825603761487496,1.7899999999999991,2.0,0.39000000000000007,1,0.39000000000000007,1.6099999999999999,44.61,4.128205128205127
81,PUNBAN,115.4,111.0,110.0,3.8128249566724484,4.400000000000006,1.0,0.17999999999999994,1,0.17999999999999994,0.8200000000000001,110.82,4.555555555555557
82,PUNBAN,115.4,111.0,109.0,3.8128249566724484,4.400000000000006,2.0,0.33999999999999997,1,0.33999999999999997,1.6600000000000001,110.66,4.882352941176472
83,NATALU,394.95,380.0,370.0,3.7852892771236837,14.949999999999989,10.0,2.35,1,2.35,7.65,377.65,3.25531914893617
84,NATALU,394.95,380.0,360.0,3.7852892771236837,14.949999999999989,20.0,3.9,1,3.9,16.1,376.1,4.128205128205129
85,SWILIM,280.5,270.0,260.0,3.7433155080213902,10.5,10.0,2.2499999999999996,1,2.2499999999999996,7.75,267.75,3.444444444444445
86,SWILIM,280.5,270.0,255.0,3.7433155080213902,10.5,15.0,2.9999999999999996,1,2.9999999999999996,12.0,267.0,4.000000000000001
87,SWILIM,280.5,270.0,250.0,3.7433155080213902,10.5,20.0,3.5999999999999996,1,3.5999999999999996,16.4,266.4,4.555555555555555
88,ADAENT,3168.5,3050.0,3000.0,3.7399400347167426,118.5,50.0,10.3,1,10.3,39.7,3039.7,3.854368932038835
89,RURELE,316.8,305.0,300.0,3.724747474747478,11.800000000000011,5.0,0.95,1,0.95,4.05,304.05,4.2631578947368425
90,TECMAH,1640.9,1580.0,1560.0,3.7113779023706557,60.90000000000009,20.0,4.1,1,4.1,15.9,1575.9,3.878048780487805
91,TECMAH,1640.9,1580.0,1540.0,3.7113779023706557,60.90000000000009,40.0,7.449999999999999,1,7.449999999999999,32.55,1572.55,4.369127516778524
92,TECMAH,1640.9,1580.0,1520.0,3.7113779023706557,60.90000000000009,60.0,10.05,1,10.05,49.95,1569.95,4.970149253731344
93,NIITEC,2014.6,1940.0,1920.0,3.7029683311823645,74.59999999999991,20.0,4.049999999999997,1,4.049999999999997,15.950000000000003,1935.95,3.938271604938275
94,NIITEC,2014.6,1940.0,1900.0,3.7029683311823645,74.59999999999991,40.0,8.75,1,8.75,31.25,1931.25,3.5714285714285716
95,NIITEC,2014.6,1940.0,1880.0,3.7029683311823645,74.59999999999991,60.0,12.899999999999999,1,12.899999999999999,47.1,1927.1,3.651162790697675
96,NIITEC,2014.6,1940.0,1860.0,3.7029683311823645,74.59999999999991,80.0,16.049999999999997,1,16.049999999999997,63.95,1923.95,3.984423676012462
97,NIITEC,2014.6,1940.0,1840.0,3.7029683311823645,74.59999999999991,100.0,18.75,1,18.75,81.25,1921.25,4.333333333333333
98,NIITEC,2014.6,1940.0,1820.0,3.7029683311823645,74.59999999999991,120.0,20.5,1,20.5,99.5,1919.5,4.853658536585366
99,BHEL,430.85,415.0,410.0,3.678774515492636,15.850000000000023,5.0,1.2000000000000002,1,1.2000000000000002,3.8,413.8,3.166666666666666
100,BHEL,430.85,415.0,405.0,3.678774515492636,15.850000000000023,10.0,2.2500000000000004,1,2.2500000000000004,7.75,412.75,3.4444444444444438
101,BHEL,430.85,415.0,400.0,3.678774515492636,15.850000000000023,15.0,3.1500000000000004,1,3.1500000000000004,11.85,411.85,3.7619047619047614
102,BHEL,430.85,415.0,395.0,3.678774515492636,15.850000000000023,20.0,3.7500000000000004,1,3.7500000000000004,16.25,411.25,4.333333333333333
103,BHEL,430.85,415.0,390.0,3.678774515492636,15.850000000000023,25.0,4.3500000000000005,1,4.3500000000000005,20.65,410.65,4.747126436781608
104,INDIBA,882.4,850.0,840.0,3.671804170444241,32.39999999999998,10.0,1.7999999999999998,1,1.7999999999999998,8.2,848.2,4.555555555555555
105,DIVLAB,9239.0,8900.0,8800.0,3.66922827145795,339.0,100.0,17.64999999999999,1,17.64999999999999,82.35000000000001,8882.35,4.665722379603402
106,HINDAL,1037.4,1000.0,980.0,3.6051667630615083,37.40000000000009,20.0,3.8499999999999996,1,3.8499999999999996,16.15,996.15,4.194805194805195
107,ADAPOW,212.63,205.0,200.0,3.588392983116209,7.6299999999999955,5.0,1.0499999999999998,1,1.0499999999999998,3.95,203.95,3.7619047619047628
108,HINZIN,622.0,600.0,590.0,3.536977491961415,22.0,10.0,2.450000000000001,1,2.450000000000001,7.549999999999999,597.55,3.081632653061223
109,HINZIN,622.0,600.0,580.0,3.536977491961415,22.0,20.0,4.3500000000000005,1,4.3500000000000005,15.649999999999999,595.65,3.5977011494252866
110,HINZIN,622.0,600.0,570.0,3.536977491961415,22.0,30.0,5.700000000000001,1,5.700000000000001,24.299999999999997,594.3,4.263157894736841
111,JIOFIN,238.4,230.0,227.5,3.5234899328859086,8.400000000000006,2.5,0.5,1,0.5,2.0,229.5,4.0
112,JIOFIN,238.4,230.0,225.0,3.5234899328859086,8.400000000000006,5.0,0.95,1,0.95,4.05,229.05,4.2631578947368425
113,TCS,2342.0,2260.0,2240.0,3.5012809564474807,82.0,20.0,4.25,225,956.25,3543.75,2255.75,3.7058823529411766
114,TCS,2342.0,2260.0,2220.0,3.5012809564474807,82.0,40.0,7.899999999999999,225,1777.4999999999998,7222.5,2252.1,4.063291139240507
115,TCS,2342.0,2260.0,2200.0,3.5012809564474807,82.0,60.0,11.350000000000001,225,2553.7500000000005,10946.25,2248.65,4.286343612334801
116,TATSTE,186.5,180.0,177.5,3.485254691689008,6.5,2.5,0.45999999999999996,1,0.45999999999999996,2.04,179.54,4.434782608695652
117,ATHENE,1616.3,1560.0,1400.0,3.4832642454989764,56.299999999999955,160.0,32.25,1,32.25,127.75,1527.75,3.9612403100775193
118,INDR,83.9,81.0,80.0,3.45649582836711,2.9000000000000057,1.0,0.19000000000000006,1,0.19000000000000006,0.8099999999999999,80.81,4.263157894736841
119,INDR,83.9,81.0,78.0,3.45649582836711,2.9000000000000057,3.0,0.5,1,0.5,2.5,80.5,5.0
120,AUSMA,1077.1,1040.0,1020.0,3.444434128678852,37.09999999999991,20.0,3.75,1,3.75,16.25,1036.25,4.333333333333333
121,CADHEA,1191.0,1150.0,1120.0,3.4424853064651555,41.0,30.0,5.9,1,5.9,24.1,1144.1,4.084745762711864
122,CROGR,233.0,225.0,220.0,3.4334763948497855,8.0,5.0,1.0,1,1.0,4.0,224.0,4.0
123,CROGR,233.0,225.0,215.0,3.4334763948497855,8.0,10.0,1.8499999999999999,1,1.8499999999999999,8.15,223.15,4.405405405405406
124,INDBA,994.0,960.0,950.0,3.420523138832998,34.0,10.0,1.7500000000000009,1,1.7500000000000009,8.25,958.25,4.714285714285712
125,VARBEV,414.0,400.0,390.0,3.3816425120772946,14.0,10.0,1.9499999999999997,1,1.9499999999999997,8.05,398.05,4.1282051282051295
126,MOTSUM,165.6,160.0,157.5,3.3816425120772915,5.599999999999994,2.5,0.5,1,0.5,2.0,159.5,4.0
127,MOTSUM,165.6,160.0,155.0,3.3816425120772915,5.599999999999994,5.0,0.96,1,0.96,4.04,159.04,4.208333333333334
128,KALJEW,615.8,595.0,550.0,3.3777200389736852,20.799999999999955,45.0,11.149999999999999,1350,15052.499999999998,45697.5,583.85,3.035874439461884
129,KALJEW,615.8,595.0,540.0,3.3777200389736852,20.799999999999955,55.0,12.399999999999999,1350,16739.999999999996,57510.0,582.6,3.435483870967743
130,KALJEW,615.8,595.0,530.0,3.3777200389736852,20.799999999999955,65.0,13.399999999999999,1350,18089.999999999996,69660.0,581.6,3.8507462686567173
131,KALJEW,615.8,595.0,520.0,3.3777200389736852,20.799999999999955,75.0,14.0,1350,18900.0,82350.0,581.0,4.357142857142857
132,CHOINV,1862.9,1800.0,1700.0,3.3764560631273866,62.90000000000009,100.0,18.1,1,18.1,81.9,1781.9,4.524861878453039
133,PREENR,1013.9,980.0,940.0,3.343525002465724,33.89999999999998,40.0,9.349999999999998,1,9.349999999999998,30.650000000000002,970.65,3.2780748663101615
134,PREENR,1013.9,980.0,920.0,3.343525002465724,33.89999999999998,60.0,12.2,1,12.2,47.8,967.8,3.918032786885246
135,PREENR,1013.9,980.0,900.0,3.343525002465724,33.89999999999998,80.0,14.149999999999999,1,14.149999999999999,65.85,965.85,4.6537102473498235
136,VOLTAS,1200.0,1160.0,1140.0,3.3333333333333335,40.0,20.0,4.25,1,4.25,15.75,1155.75,3.7058823529411766
137,VOLTAS,1200.0,1160.0,1120.0,3.3333333333333335,40.0,40.0,7.5,1,7.5,32.5,1152.5,4.333333333333333
138,WIPRO,180.95,175.0,172.5,3.2882011605415795,5.949999999999989,2.5,0.6199999999999999,1,0.6199999999999999,1.8800000000000001,174.38,3.03225806451613
139,WIPRO,180.95,175.0,170.0,3.2882011605415795,5.949999999999989,5.0,1.1199999999999999,1,1.1199999999999999,3.88,173.88,3.4642857142857144
140,WIPRO,180.95,175.0,167.5,3.2882011605415795,5.949999999999989,7.5,1.45,1,1.45,6.05,173.55,4.172413793103448
141,WIPRO,180.95,175.0,165.0,3.2882011605415795,5.949999999999989,10.0,1.71,1,1.71,8.29,173.29,4.847953216374268
142,HDFSTA,548.0,530.0,520.0,3.2846715328467155,18.0,10.0,2.0500000000000003,1,2.0500000000000003,7.949999999999999,527.95,3.878048780487804
143,HDFSTA,548.0,530.0,510.0,3.2846715328467155,18.0,20.0,3.45,1,3.45,16.55,526.55,4.797101449275362
144,SBICAR,641.05,620.0,610.0,3.2836752203416206,21.049999999999955,10.0,2.2,1,2.2,7.8,617.8,3.545454545454545
145,SBICAR,641.05,620.0,600.0,3.2836752203416206,21.049999999999955,20.0,3.8499999999999996,1,3.8499999999999996,16.15,616.15,4.194805194805195
146,SBICAR,641.05,620.0,590.0,3.2836752203416206,21.049999999999955,30.0,5.1,1,5.1,24.9,614.9,4.882352941176471
147,ASHLEY,175.77,170.0,167.5,3.282698981623718,5.77000000000001,2.5,0.5699999999999998,1,0.5699999999999998,1.9300000000000002,169.43,3.385964912280703
148,ASHLEY,175.77,170.0,165.0,3.282698981623718,5.77000000000001,5.0,1.0299999999999998,1,1.0299999999999998,3.97,168.97,3.854368932038836
149,ASHLEY,175.77,170.0,162.5,3.282698981623718,5.77000000000001,7.5,1.3499999999999999,1,1.3499999999999999,6.15,168.65,4.555555555555556
150,CROGRE,889.0,860.0,840.0,3.262092238470191,29.0,20.0,4.549999999999999,1,4.549999999999999,15.450000000000001,855.45,3.3956043956043964
151,CROGRE,889.0,860.0,820.0,3.262092238470191,29.0,40.0,7.699999999999999,1,7.699999999999999,32.3,852.3,4.194805194805195
152,DELLIM,470.2,455.0,450.0,3.232666950233941,15.199999999999989,5.0,0.8499999999999996,1,0.8499999999999996,4.15,454.15,4.882352941176473
153,DELLIM,470.2,455.0,445.0,3.232666950233941,15.199999999999989,10.0,1.8499999999999996,1,1.8499999999999996,8.15,453.15,4.405405405405406
154,DELLIM,470.2,455.0,440.0,3.232666950233941,15.199999999999989,15.0,2.6499999999999995,1,2.6499999999999995,12.350000000000001,452.35,4.6603773584905674
155,UNIBAN,186.0,180.0,175.0,3.225806451612903,6.0,5.0,1.0999999999999999,1,1.0999999999999999,3.9000000000000004,178.9,3.5454545454545463
156,UNIBAN,186.0,180.0,172.5,3.225806451612903,6.0,7.5,1.45,1,1.45,6.05,178.55,4.172413793103448
157,UNIBAN,186.0,180.0,170.0,3.225806451612903,6.0,10.0,1.7,1,1.7,8.3,178.3,4.882352941176471
158,DRREDD,1178.0,1140.0,1100.0,3.225806451612903,38.0,40.0,7.249999999999999,1,7.249999999999999,32.75,1132.75,4.517241379310345
159,KPITE,609.4,590.0,580.0,3.183459140137837,19.399999999999977,10.0,2.3999999999999995,1,2.3999999999999995,7.6000000000000005,587.6,3.1666666666666674
160,KPITE,609.4,590.0,570.0,3.183459140137837,19.399999999999977,20.0,4.3,1,4.3,15.7,585.7,3.6511627906976742
161,KPITE,609.4,590.0,560.0,3.183459140137837,19.399999999999977,30.0,5.699999999999999,1,5.699999999999999,24.3,584.3,4.2631578947368425
162,KPITE,609.4,590.0,550.0,3.183459140137837,19.399999999999977,40.0,6.699999999999999,1,6.699999999999999,33.3,583.3,4.970149253731344
163,NATMIN,86.76,84.0,83.0,3.181189488243436,2.760000000000005,1.0,0.17000000000000004,1,0.17000000000000004,0.83,83.83,4.882352941176469
164,FSNECO,335.65,325.0,320.0,3.1729480113213104,10.649999999999977,5.0,0.8999999999999999,1,0.8999999999999999,4.1,324.1,4.555555555555555
165,RBLBAN,382.0,370.0,360.0,3.1413612565445024,12.0,10.0,2.0000000000000004,1,2.0000000000000004,8.0,368.0,3.999999999999999
166,BSE,3405.0,3300.0,3200.0,3.0837004405286343,105.0,100.0,24.549999999999997,200,4909.999999999999,15090.0,3275.45,3.0733197556008154
167,BSE,3405.0,3300.0,3100.0,3.0837004405286343,105.0,200.0,39.75,200,7950.0,32050.0,3260.25,4.031446540880503
168,ONE97,1650.9,1600.0,1560.0,3.0831667575262034,50.90000000000009,40.0,10.0,1,10.0,30.0,1590.0,3.0
169,ONE97,1650.9,1600.0,1540.0,3.0831667575262034,50.90000000000009,60.0,13.5,1,13.5,46.5,1586.5,3.4444444444444446
170,ONE97,1650.9,1600.0,1500.0,3.0831667575262034,50.90000000000009,100.0,18.9,1,18.9,81.1,1581.1,4.291005291005291
171,ANGBRO,294.0,285.0,265.0,3.061224489795918,9.0,20.0,4.75,1,4.75,15.25,280.25,3.210526315789474
172,ANGBRO,294.0,285.0,260.0,3.061224489795918,9.0,25.0,5.3,1,5.3,19.7,279.7,3.7169811320754715
173,NTPC,330.05,320.0,315.0,3.0449931828510866,10.050000000000011,5.0,1.15,1,1.15,3.85,318.85,3.347826086956522
174,NTPC,330.05,320.0,310.0,3.0449931828510866,10.050000000000011,10.0,1.9499999999999997,1,1.9499999999999997,8.05,318.05,4.1282051282051295
175,LAULAB,1938.5,1880.0,1780.0,3.017797265927263,58.5,100.0,24.0,1,24.0,76.0,1856.0,3.1666666666666665
176,LAULAB,1938.5,1880.0,1760.0,3.017797265927263,58.5,120.0,26.15,1,26.15,93.85,1853.85,3.5889101338432123
