RK,STOCK,EXPIRY,SPOT,SELL,BUY,SELL_PE_BID,SELL_PE_OFFER,BUY_PE_BID,BUY_PE_OFFER,OTM%,OTM PTS,WIDTH,CREDIT,LOT,PROFIT/LOT,LOSS/LOT,BREAKEVEN,P:L
1,KALJEW,29-Sep-2026,573.0,510.0,500.0,6.45,6.65,5.0,5.1,10.99476439790576,63.0,10.0,1.3500000000000005,1,1.3500000000000005,8.649999999999999,508.65,6.407407407407404
2,ATHENE,29-Sep-2026,1725.6,1540.0,1500.0,13.15,13.6,9.0,9.25,10.75567918405192,185.5999999999999,40.0,3.9000000000000004,1,3.9000000000000004,36.1,1536.1,9.256410256410255
3,ATHENE,29-Sep-2026,1725.6,1560.0,1540.0,16.0,16.75,13.15,13.6,9.596662030598049,165.5999999999999,20.0,2.4000000000000004,1,2.4000000000000004,17.6,1557.6,7.333333333333333
4,ATHENE,29-Sep-2026,1725.6,1560.0,1520.0,16.0,16.75,10.75,11.6,9.596662030598049,165.5999999999999,40.0,4.4,1,4.4,35.6,1555.6,8.09090909090909
5,ATHENE,29-Sep-2026,1725.6,1560.0,1500.0,16.0,16.75,9.0,9.25,9.596662030598049,165.5999999999999,60.0,6.75,1,6.75,53.25,1553.25,7.888888888888889
6,KALJEW,29-Sep-2026,573.0,520.0,510.0,8.3,8.55,6.45,6.65,9.24956369982548,53.0,10.0,1.6500000000000004,1,1.6500000000000004,8.35,518.35,5.06060606060606
7,KALJEW,29-Sep-2026,573.0,520.0,500.0,8.3,8.55,5.0,5.1,9.24956369982548,53.0,20.0,3.200000000000001,1,3.200000000000001,16.799999999999997,516.8,5.249999999999997
8,ADATRA,29-Sep-2026,1382.0,1260.0,1200.0,15.3,15.9,8.5,8.65,8.827785817655572,122.0,60.0,6.65,1,6.65,53.35,1253.35,8.022556390977444
9,NATALU,29-Sep-2026,372.0,340.0,330.0,2.7,2.8,1.65,1.7,8.60215053763441,32.0,10.0,1.0000000000000002,1,1.0000000000000002,9.0,339.0,8.999999999999998
10,ATHENE,29-Sep-2026,1725.6,1580.0,1560.0,19.3,20.05,16.0,16.75,8.437644877144177,145.5999999999999,20.0,2.5500000000000007,1,2.5500000000000007,17.45,1577.45,6.843137254901959
11,ATHENE,29-Sep-2026,1725.6,1580.0,1540.0,19.3,20.05,13.15,13.6,8.437644877144177,145.5999999999999,40.0,5.700000000000001,1,5.700000000000001,34.3,1574.3,6.0175438596491215
12,ATHENE,29-Sep-2026,1725.6,1580.0,1520.0,19.3,20.05,10.75,11.6,8.437644877144177,145.5999999999999,60.0,7.700000000000001,1,7.700000000000001,52.3,1572.3,6.792207792207791
13,ATHENE,29-Sep-2026,1725.6,1580.0,1500.0,19.3,20.05,9.0,9.25,8.437644877144177,145.5999999999999,80.0,10.05,1,10.05,69.95,1569.95,6.960199004975125
14,ADAGRE,29-Sep-2026,1265.0,1160.0,1120.0,10.9,11.2,6.0,6.15,8.300395256916996,105.0,40.0,4.75,1,4.75,35.25,1155.25,7.421052631578948
15,INDREN,29-Sep-2026,114.2,105.0,102.5,1.13,1.19,0.69,0.76,8.056042031523646,9.200000000000003,2.5,0.3699999999999999,1,0.3699999999999999,2.13,104.63,5.756756756756758
16,INDREN,29-Sep-2026,114.2,105.0,100.0,1.13,1.19,0.46,0.5,8.056042031523646,9.200000000000003,5.0,0.6299999999999999,1,0.6299999999999999,4.37,104.37,6.936507936507938
17,HINZIN,29-Sep-2026,597.0,550.0,540.0,3.55,3.75,2.5,2.6,7.872696817420436,47.0,10.0,0.9499999999999997,1,0.9499999999999997,9.05,549.05,9.526315789473689
18,MACDEV,29-Sep-2026,1193.9,1100.0,1080.0,10.1,10.6,7.3,7.5,7.864980316609438,93.90000000000009,20.0,2.5999999999999996,1,2.5999999999999996,17.4,1097.4,6.6923076923076925
19,WIPRO,29-Sep-2026,181.7,167.5,165.0,0.83,0.87,0.57,0.59,7.815079801871211,14.199999999999989,2.5,0.24,1,0.24,2.26,167.26,9.416666666666666
20,LTFINA,29-Sep-2026,309.05,285.0,280.0,2.2,2.3,1.45,1.55,7.78191231192364,24.05000000000001,5.0,0.6500000000000001,1,0.6500000000000001,4.35,284.35,6.692307692307691
21,LTFINA,29-Sep-2026,309.05,285.0,270.0,2.2,2.3,0.55,0.75,7.78191231192364,24.05000000000001,15.0,1.4500000000000002,1,1.4500000000000002,13.55,283.55,9.344827586206895
22,ANGBRO,29-Sep-2026,281.55,260.0,250.0,2.6,2.75,1.3,1.5,7.65405789380217,21.55000000000001,10.0,1.1,1,1.1,8.9,258.9,8.09090909090909
23,ASHLEY,29-Sep-2026,170.53,157.5,155.0,0.99,1.02,0.7,0.73,7.640884301882367,13.030000000000001,2.5,0.26,1,0.26,2.24,157.24,8.615384615384617
24,SUZENE,29-Sep-2026,46.5,43.0,42.0,0.33,0.35,0.2,0.22,7.526881720430108,3.5,1.0,0.11000000000000001,1,0.11000000000000001,0.89,42.89,8.09090909090909
25,KALJEW,29-Sep-2026,573.0,530.0,520.0,10.65,10.9,8.3,8.55,7.504363001745201,43.0,10.0,2.0999999999999996,1,2.0999999999999996,7.9,527.9,3.7619047619047628
26,KALJEW,29-Sep-2026,573.0,530.0,510.0,10.65,10.9,6.45,6.65,7.504363001745201,43.0,20.0,4.0,1,4.0,16.0,526.0,4.0
27,KALJEW,29-Sep-2026,573.0,530.0,500.0,10.65,10.9,5.0,5.1,7.504363001745201,43.0,30.0,5.550000000000001,1,5.550000000000001,24.45,524.45,4.405405405405404
28,SHRTRA,29-Sep-2026,1059.1,980.0,960.0,6.65,6.9,4.15,4.35,7.46860541969596,79.09999999999991,20.0,2.3000000000000007,1,2.3000000000000007,17.7,977.7,7.69565217391304
29,BSE,29-Sep-2026,3242.0,3000.0,2900.0,32.2,32.7,18.2,18.65,7.464528069093153,242.0,100.0,13.550000000000004,1,13.550000000000004,86.44999999999999,2986.45,6.380073800738004
30,BSE,29-Sep-2026,3242.0,3000.0,2800.0,32.2,32.7,10.6,10.85,7.464528069093153,242.0,200.0,21.35,1,21.35,178.65,2978.65,8.36768149882904
31,SAGINI,29-Sep-2026,46.45,43.0,42.0,0.37,0.39,0.24,0.26,7.427341227125947,3.450000000000003,1.0,0.10999999999999999,1,0.10999999999999999,0.89,42.89,8.090909090909092
32,CROGRE,29-Sep-2026,885.5,820.0,800.0,5.0,5.45,2.8,3.15,7.396950875211744,65.5,20.0,1.85,1,1.85,18.15,818.15,9.810810810810809
33,BHEL,29-Sep-2026,426.55,395.0,390.0,3.2,3.4,2.5,2.6,7.396553745164695,31.55000000000001,5.0,0.6000000000000001,1,0.6000000000000001,4.4,394.4,7.333333333333333
34,BHEL,29-Sep-2026,426.55,395.0,385.0,3.2,3.4,1.9,2.05,7.396553745164695,31.55000000000001,10.0,1.1500000000000004,1,1.1500000000000004,8.85,393.85,7.69565217391304
35,BHEL,29-Sep-2026,426.55,395.0,380.0,3.2,3.4,1.45,1.65,7.396553745164695,31.55000000000001,15.0,1.5500000000000003,1,1.5500000000000003,13.45,393.45,8.677419354838708
36,SONBLW,29-Sep-2026,809.5,750.0,730.0,6.45,6.8,1.45,3.8,7.350216182828907,59.5,20.0,2.6500000000000004,1,2.6500000000000004,17.35,747.35,6.547169811320755
37,ATHENE,29-Sep-2026,1725.6,1600.0,1580.0,23.2,23.85,19.3,20.05,7.278627723690306,125.59999999999991,20.0,3.1499999999999986,1,3.1499999999999986,16.85,1596.85,5.349206349206352
38,ATHENE,29-Sep-2026,1725.6,1600.0,1560.0,23.2,23.85,16.0,16.75,7.278627723690306,125.59999999999991,40.0,6.449999999999999,1,6.449999999999999,33.55,1593.55,5.2015503875969
39,ATHENE,29-Sep-2026,1725.6,1600.0,1540.0,23.2,23.85,13.15,13.6,7.278627723690306,125.59999999999991,60.0,9.6,1,9.6,50.4,1590.4,5.25
40,ATHENE,29-Sep-2026,1725.6,1600.0,1520.0,23.2,23.85,10.75,11.6,7.278627723690306,125.59999999999991,80.0,11.6,1,11.6,68.4,1588.4,5.8965517241379315
41,ATHENE,29-Sep-2026,1725.6,1600.0,1500.0,23.2,23.85,9.0,9.25,7.278627723690306,125.59999999999991,100.0,13.95,1,13.95,86.05,1586.05,6.168458781362007
42,ATHENE,29-Sep-2026,1725.6,1600.0,1400.0,23.2,23.85,3.65,3.75,7.278627723690306,125.59999999999991,200.0,19.45,1,19.45,180.55,1580.55,9.282776349614396
43,SWILIM,29-Sep-2026,275.0,255.0,250.0,2.35,2.5,1.6,1.85,7.2727272727272725,20.0,5.0,0.5,1,0.5,4.5,254.5,9.0
44,SWILIM,29-Sep-2026,275.0,255.0,240.0,2.35,2.5,0.7,0.8,7.2727272727272725,20.0,15.0,1.55,1,1.55,13.45,253.45,8.677419354838708
45,TCS,29-Sep-2026,2369.0,2200.0,2160.0,13.35,13.65,8.8,9.45,7.133811734909244,169.0,40.0,3.9000000000000004,1,3.9000000000000004,36.1,2196.1,9.256410256410255
46,TCS,29-Sep-2026,2369.0,2200.0,2140.0,13.35,13.65,7.2,7.6,7.133811734909244,169.0,60.0,5.75,1,5.75,54.25,2194.25,9.434782608695652
47,ADAPOW,29-Sep-2026,204.36,190.0,185.0,1.81,1.84,1.16,1.21,7.026815423761995,14.360000000000014,5.0,0.6000000000000001,1,0.6000000000000001,4.4,189.4,7.333333333333333
48,ADAPOW,29-Sep-2026,204.36,190.0,180.0,1.81,1.84,0.79,0.83,7.026815423761995,14.360000000000014,10.0,0.9800000000000001,1,0.9800000000000001,9.02,189.02,9.20408163265306
49,ZOMLIM,29-Sep-2026,327.75,305.0,300.0,2.15,2.25,1.5,1.6,6.941266209000762,22.75,5.0,0.5499999999999998,1,0.5499999999999998,4.45,304.45,8.090909090909093
50,ZOMLIM,29-Sep-2026,327.75,305.0,295.0,2.15,2.25,1.0,1.15,6.941266209000762,22.75,10.0,1.0,1,1.0,9.0,304.0,9.0
51,VEDLIM,29-Sep-2026,274.0,255.0,250.0,2.45,2.6,1.85,1.95,6.934306569343065,19.0,5.0,0.5000000000000002,1,0.5000000000000002,4.5,254.5,8.999999999999996
52,VEDLIM,29-Sep-2026,274.0,255.0,240.0,2.45,2.6,0.95,1.05,6.934306569343065,19.0,15.0,1.4000000000000001,1,1.4000000000000001,13.6,253.6,9.714285714285714
53,KPITE,29-Sep-2026,590.0,550.0,540.0,5.7,6.0,4.25,4.45,6.779661016949152,40.0,10.0,1.25,1,1.25,8.75,548.75,7.0
54,HCLTEC,29-Sep-2026,1351.4,1260.0,1250.0,6.85,7.1,5.65,5.85,6.763356519165316,91.40000000000009,10.0,1.0,1,1.0,9.0,1259.0,9.0
55,UNIBAN,29-Sep-2026,184.9,172.5,170.0,1.18,1.26,0.87,0.91,6.706327744726883,12.400000000000006,2.5,0.2699999999999999,1,0.2699999999999999,2.23,172.23,8.259259259259261
56,DLFLIM,29-Sep-2026,675.15,630.0,620.0,3.85,4.1,2.65,2.85,6.687402799377913,45.14999999999998,10.0,1.0,1,1.0,9.0,629.0,9.0
57,INFTEC,29-Sep-2026,1156.0,1080.0,1060.0,8.35,8.5,5.75,5.9,6.5743944636678195,76.0,20.0,2.4499999999999993,1,2.4499999999999993,17.55,1077.55,7.163265306122451
58,INFTEC,29-Sep-2026,1156.0,1080.0,1040.0,8.35,8.5,3.95,4.05,6.5743944636678195,76.0,40.0,4.3,1,4.3,35.7,1075.7,8.30232558139535
59,INFTEC,29-Sep-2026,1156.0,1080.0,1020.0,8.35,8.5,2.7,2.8,6.5743944636678195,76.0,60.0,5.55,1,5.55,54.45,1074.45,9.810810810810812
60,LAULAB,29-Sep-2026,1861.6,1740.0,1700.0,9.95,10.4,5.7,6.05,6.532015470562952,121.59999999999991,40.0,3.8999999999999995,1,3.8999999999999995,36.1,1736.1,9.256410256410257
61,MANAFI,29-Sep-2026,337.0,315.0,310.0,2.8,3.1,2.1,2.25,6.528189910979229,22.0,5.0,0.5499999999999998,1,0.5499999999999998,4.45,314.45,8.090909090909093
62,NIITEC,29-Sep-2026,1988.9,1860.0,1800.0,15.15,16.0,8.35,8.85,6.480969380059333,128.9000000000001,60.0,6.300000000000001,1,6.300000000000001,53.7,1853.7,8.523809523809524
63,INOWIN,29-Sep-2026,69.5,65.0,60.0,0.95,1.04,0.29,0.32,6.474820143884892,4.5,5.0,0.6299999999999999,1,0.6299999999999999,4.37,64.37,6.936507936507938
64,TATMOT,29-Sep-2026,310.0,290.0,285.0,1.6,1.65,1.0,1.05,6.451612903225806,20.0,5.0,0.55,1,0.55,4.45,289.45,8.09090909090909
65,CANBAN,29-Sep-2026,125.6,117.5,115.0,0.7,0.74,0.43,0.45,6.449044585987257,8.099999999999994,2.5,0.24999999999999994,1,0.24999999999999994,2.25,117.25,9.000000000000002
66,RAIVIK,29-Sep-2026,208.38,195.0,190.0,1.73,1.8,1.05,1.12,6.420961704578172,13.379999999999995,5.0,0.6099999999999999,1,0.6099999999999999,4.390000000000001,194.39,7.196721311475412
67,MOTSUM,29-Sep-2026,165.6,155.0,152.5,1.05,1.11,0.71,0.77,6.400966183574876,10.599999999999994,2.5,0.28,1,0.28,2.2199999999999998,154.72,7.928571428571427
68,MOTSUM,29-Sep-2026,165.6,155.0,150.0,1.05,1.11,0.49,0.53,6.400966183574876,10.599999999999994,5.0,0.52,1,0.52,4.48,154.48,8.615384615384617
69,VARBEV,29-Sep-2026,405.85,380.0,370.0,2.35,2.5,1.25,1.4,6.369348281384752,25.850000000000023,10.0,0.9500000000000002,1,0.9500000000000002,9.05,379.05,9.526315789473683
70,HINPET,29-Sep-2026,363.1,340.0,330.0,2.3,2.45,1.2,1.25,6.361883778573402,23.100000000000023,10.0,1.0499999999999998,1,1.0499999999999998,8.95,338.95,8.523809523809524
71,TATSTE,29-Sep-2026,184.07,172.5,170.0,0.92,0.94,0.61,0.63,6.285652197533544,11.569999999999993,2.5,0.29000000000000004,1,0.29000000000000004,2.21,172.21,7.620689655172413
72,TATSTE,29-Sep-2026,184.07,172.5,167.5,0.92,0.94,0.39,0.41,6.285652197533544,11.569999999999993,5.0,0.51,1,0.51,4.49,171.99,8.803921568627452
73,BHEL,29-Sep-2026,426.55,400.0,395.0,4.2,4.35,3.2,3.4,6.22435822295159,26.55000000000001,5.0,0.8000000000000003,1,0.8000000000000003,4.199999999999999,399.2,5.249999999999997
74,BHEL,29-Sep-2026,426.55,400.0,390.0,4.2,4.35,2.5,2.6,6.22435822295159,26.55000000000001,10.0,1.6,1,1.6,8.4,398.4,5.25
75,BHEL,29-Sep-2026,426.55,400.0,385.0,4.2,4.35,1.9,2.05,6.22435822295159,26.55000000000001,15.0,2.1500000000000004,1,2.1500000000000004,12.85,397.85,5.976744186046511
76,BHEL,29-Sep-2026,426.55,400.0,380.0,4.2,4.35,1.45,1.65,6.22435822295159,26.55000000000001,20.0,2.5500000000000003,1,2.5500000000000003,17.45,397.45,6.84313725490196
77,BHEL,29-Sep-2026,426.55,400.0,370.0,4.2,4.35,0.9,1.0,6.22435822295159,26.55000000000001,30.0,3.2,1,3.2,26.8,396.8,8.375
78,ADICAP,29-Sep-2026,394.45,370.0,360.0,2.55,2.75,1.25,1.4,6.198504246419062,24.44999999999999,10.0,1.15,1,1.15,8.85,368.85,7.695652173913044
79,HINZIN,29-Sep-2026,597.0,560.0,550.0,5.25,5.4,3.55,3.75,6.197654941373535,37.0,10.0,1.5,1,1.5,8.5,558.5,5.666666666666667
80,HINZIN,29-Sep-2026,597.0,560.0,540.0,5.25,5.4,2.5,2.6,6.197654941373535,37.0,20.0,2.65,1,2.65,17.35,557.35,6.547169811320756
81,HINZIN,29-Sep-2026,597.0,560.0,530.0,5.25,5.4,1.7,1.85,6.197654941373535,37.0,30.0,3.4,1,3.4,26.6,556.6,7.8235294117647065
82,HINZIN,29-Sep-2026,597.0,560.0,520.0,5.25,5.4,1.25,1.3,6.197654941373535,37.0,40.0,3.95,1,3.95,36.05,556.05,9.126582278481012
83,ASHLEY,29-Sep-2026,170.53,160.0,157.5,1.4,1.43,0.99,1.02,6.174866592388437,10.530000000000001,2.5,0.3799999999999999,1,0.3799999999999999,2.12,159.62,5.578947368421055
84,ASHLEY,29-Sep-2026,170.53,160.0,155.0,1.4,1.43,0.7,0.73,6.174866592388437,10.530000000000001,5.0,0.6699999999999999,1,0.6699999999999999,4.33,159.33,6.46268656716418
85,ASHLEY,29-Sep-2026,170.53,160.0,150.0,1.4,1.43,0.38,0.4,6.174866592388437,10.530000000000001,10.0,0.9999999999999999,1,0.9999999999999999,9.0,159.0,9.000000000000002
86,LTFINA,29-Sep-2026,309.05,290.0,285.0,3.1,3.3,2.2,2.3,6.164051124413529,19.05000000000001,5.0,0.8000000000000003,1,0.8000000000000003,4.199999999999999,289.2,5.249999999999997
87,LTFINA,29-Sep-2026,309.05,290.0,280.0,3.1,3.3,1.45,1.55,6.164051124413529,19.05000000000001,10.0,1.55,1,1.55,8.45,288.45,5.451612903225806
88,LTFINA,29-Sep-2026,309.05,290.0,270.0,3.1,3.3,0.55,0.75,6.164051124413529,19.05000000000001,20.0,2.35,1,2.35,17.65,287.65,7.510638297872339
89,VISMEG,29-Sep-2026,106.55,100.0,95.0,1.04,1.08,0.36,0.38,6.147348662599716,6.549999999999997,5.0,0.66,1,0.66,4.34,99.34,6.575757575757575
90,OILIND,29-Sep-2026,490.0,460.0,450.0,3.6,3.75,2.25,2.4,6.122448979591836,30.0,10.0,1.2000000000000002,1,1.2000000000000002,8.8,458.8,7.333333333333333
91,ATHENE,29-Sep-2026,1725.6,1620.0,1600.0,27.15,28.5,23.2,23.85,6.119610570236435,105.59999999999991,20.0,3.299999999999997,1,3.299999999999997,16.700000000000003,1616.7,5.060606060606066
92,ATHENE,29-Sep-2026,1725.6,1620.0,1580.0,27.15,28.5,19.3,20.05,6.119610570236435,105.59999999999991,40.0,7.099999999999998,1,7.099999999999998,32.900000000000006,1612.9,4.633802816901411
93,ATHENE,29-Sep-2026,1725.6,1620.0,1560.0,27.15,28.5,16.0,16.75,6.119610570236435,105.59999999999991,60.0,10.399999999999999,1,10.399999999999999,49.6,1609.6,4.76923076923077
94,ATHENE,29-Sep-2026,1725.6,1620.0,1540.0,27.15,28.5,13.15,13.6,6.119610570236435,105.59999999999991,80.0,13.549999999999999,1,13.549999999999999,66.45,1606.45,4.904059040590407
95,ATHENE,29-Sep-2026,1725.6,1620.0,1520.0,27.15,28.5,10.75,11.6,6.119610570236435,105.59999999999991,100.0,15.549999999999999,1,15.549999999999999,84.45,1604.45,5.430868167202573
96,ATHENE,29-Sep-2026,1725.6,1620.0,1500.0,27.15,28.5,9.0,9.25,6.119610570236435,105.59999999999991,120.0,17.9,1,17.9,102.1,1602.1,5.70391061452514
97,ATHENE,29-Sep-2026,1725.6,1620.0,1400.0,27.15,28.5,3.65,3.75,6.119610570236435,105.59999999999991,220.0,23.4,1,23.4,196.6,1596.6,8.401709401709402
98,TECMAH,29-Sep-2026,1638.0,1540.0,1500.0,8.55,8.9,4.4,4.6,5.982905982905983,98.0,40.0,3.950000000000001,1,3.950000000000001,36.05,1536.05,9.12658227848101
99,ADATRA,29-Sep-2026,1382.0,1300.0,1260.0,23.35,23.8,15.3,15.9,5.933429811866859,82.0,40.0,7.450000000000001,1,7.450000000000001,32.55,1292.55,4.369127516778523
100,ADATRA,29-Sep-2026,1382.0,1300.0,1200.0,23.35,23.8,8.5,8.65,5.933429811866859,82.0,100.0,14.700000000000001,1,14.700000000000001,85.3,1285.3,5.802721088435374
101,NATALU,29-Sep-2026,372.0,350.0,340.0,4.5,4.65,2.7,2.8,5.913978494623656,22.0,10.0,1.7000000000000002,1,1.7000000000000002,8.3,348.3,4.88235294117647
102,NATALU,29-Sep-2026,372.0,350.0,330.0,4.5,4.65,1.65,1.7,5.913978494623656,22.0,20.0,2.8,1,2.8,17.2,347.2,6.142857142857143
103,NATALU,29-Sep-2026,372.0,350.0,320.0,4.5,4.65,0.85,1.1,5.913978494623656,22.0,30.0,3.4,1,3.4,26.6,346.6,7.8235294117647065
104,EICMOT,29-Sep-2026,7970.0,7500.0,7400.0,30.4,32.1,19.4,20.3,5.897114178168131,470.0,100.0,10.099999999999998,1,10.099999999999998,89.9,7489.9,8.900990099009903
105,ANGBRO,29-Sep-2026,281.55,265.0,260.0,3.55,3.8,2.6,2.75,5.878174391759904,16.55000000000001,5.0,0.7999999999999998,1,0.7999999999999998,4.2,264.2,5.250000000000002
106,ANGBRO,29-Sep-2026,281.55,265.0,250.0,3.55,3.8,1.3,1.5,5.878174391759904,16.55000000000001,15.0,2.05,1,2.05,12.95,262.95,6.317073170731708
107,ANGBRO,29-Sep-2026,281.55,265.0,240.0,3.55,3.8,0.65,0.85,5.878174391759904,16.55000000000001,25.0,2.6999999999999997,1,2.6999999999999997,22.3,262.3,8.25925925925926
108,INDREN,29-Sep-2026,114.2,107.5,105.0,1.85,1.92,1.13,1.19,5.8669001751313505,6.700000000000003,2.5,0.6600000000000001,1,0.6600000000000001,1.8399999999999999,106.84,2.787878787878787
109,INDREN,29-Sep-2026,114.2,107.5,102.5,1.85,1.92,0.69,0.76,5.8669001751313505,6.700000000000003,5.0,1.09,1,1.09,3.91,106.41,3.5871559633027523
110,INDREN,29-Sep-2026,114.2,107.5,100.0,1.85,1.92,0.46,0.5,5.8669001751313505,6.700000000000003,7.5,1.35,1,1.35,6.15,106.15,4.555555555555555
111,IDFBAN,29-Sep-2026,84.9,80.0,79.0,0.45,0.48,0.31,0.34,5.771495877502951,4.900000000000006,1.0,0.10999999999999999,1,0.10999999999999999,0.89,79.89,8.090909090909092
112,IDFBAN,29-Sep-2026,84.9,80.0,78.0,0.45,0.48,0.22,0.24,5.771495877502951,4.900000000000006,2.0,0.21000000000000002,1,0.21000000000000002,1.79,79.79,8.523809523809524
113,IDFBAN,29-Sep-2026,84.9,80.0,77.0,0.45,0.48,0.15,0.17,5.771495877502951,4.900000000000006,3.0,0.28,1,0.28,2.7199999999999998,79.72,9.714285714285712
114,KALJEW,29-Sep-2026,573.0,540.0,530.0,13.45,13.7,10.65,10.9,5.7591623036649215,33.0,10.0,2.549999999999999,1,2.549999999999999,7.450000000000001,537.45,2.921568627450982
115,KALJEW,29-Sep-2026,573.0,540.0,520.0,13.45,13.7,8.3,8.55,5.7591623036649215,33.0,20.0,4.899999999999999,1,4.899999999999999,15.100000000000001,535.1,3.0816326530612255
116,KALJEW,29-Sep-2026,573.0,540.0,510.0,13.45,13.7,6.45,6.65,5.7591623036649215,33.0,30.0,6.799999999999999,1,6.799999999999999,23.200000000000003,533.2,3.4117647058823537
117,KALJEW,29-Sep-2026,573.0,540.0,500.0,13.45,13.7,5.0,5.1,5.7591623036649215,33.0,40.0,8.35,1,8.35,31.65,531.65,3.7904191616766467
118,ONE97,29-Sep-2026,1633.5,1540.0,1500.0,19.2,19.85,12.2,12.55,5.723905723905724,93.5,40.0,6.649999999999999,1,6.649999999999999,33.35,1533.35,5.015037593984964
119,ONE97,29-Sep-2026,1633.5,1540.0,1400.0,19.2,19.85,3.8,4.35,5.723905723905724,93.5,140.0,14.85,1,14.85,125.15,1525.15,8.427609427609427
120,ADAENT,29-Sep-2026,2863.9,2700.0,2600.0,29.45,30.0,15.05,15.35,5.722965187331964,163.9000000000001,100.0,14.1,1,14.1,85.9,2685.9,6.092198581560284
121,NHPC,29-Sep-2026,76.3,72.0,71.0,0.49,0.52,0.32,0.35,5.635648754914806,4.299999999999997,1.0,0.14,1,0.14,0.86,71.86,6.142857142857142
122,NHPC,29-Sep-2026,76.3,72.0,70.0,0.49,0.52,0.22,0.24,5.635648754914806,4.299999999999997,2.0,0.25,1,0.25,1.75,71.75,7.0
123,BHADYN,29-Sep-2026,1250.0,1180.0,1160.0,16.45,17.2,12.25,13.3,5.6000000000000005,70.0,20.0,3.1499999999999986,1,3.1499999999999986,16.85,1176.85,5.349206349206352
124,BHADYN,29-Sep-2026,1250.0,1180.0,1120.0,16.45,17.2,6.3,9.5,5.6000000000000005,70.0,60.0,6.949999999999999,1,6.949999999999999,53.05,1173.05,7.633093525179857
125,COMAGE,29-Sep-2026,752.0,710.0,700.0,6.85,7.4,5.05,5.3,5.585106382978723,42.0,10.0,1.5499999999999998,1,1.5499999999999998,8.45,708.45,5.451612903225807
126,SHRTRA,29-Sep-2026,1059.1,1000.0,980.0,10.5,10.75,6.65,6.9,5.580209611934653,59.09999999999991,20.0,3.5999999999999996,1,3.5999999999999996,16.4,996.4,4.555555555555555
127,SHRTRA,29-Sep-2026,1059.1,1000.0,960.0,10.5,10.75,4.15,4.35,5.580209611934653,59.09999999999991,40.0,6.15,1,6.15,33.85,993.85,5.504065040650406
128,KAYTEC,29-Sep-2026,3600.5,3400.0,3300.0,81.0,83.4,56.2,58.3,5.568671017914179,200.5,100.0,22.700000000000003,1,22.700000000000003,77.3,3377.3,3.4052863436123344
129,BHAPET,29-Sep-2026,317.65,300.0,295.0,2.0,2.2,1.35,1.45,5.556430033055243,17.649999999999977,5.0,0.55,1,0.55,4.45,299.45,8.09090909090909
130,BHAPET,29-Sep-2026,317.65,300.0,290.0,2.0,2.2,0.85,1.0,5.556430033055243,17.649999999999977,10.0,1.0,1,1.0,9.0,299.0,9.0
131,AUSMA,29-Sep-2026,1079.2,1020.0,1000.0,6.8,7.15,4.15,4.35,5.485544848035586,59.200000000000045,20.0,2.45,1,2.45,17.55,1017.55,7.163265306122449
132,NIITEC,29-Sep-2026,1988.9,1880.0,1860.0,18.55,20.25,15.15,16.0,5.475388405651369,108.90000000000009,20.0,2.5500000000000007,1,2.5500000000000007,17.45,1877.45,6.843137254901959
133,NIITEC,29-Sep-2026,1988.9,1880.0,1800.0,18.55,20.25,8.35,8.85,5.475388405651369,108.90000000000009,80.0,9.700000000000001,1,9.700000000000001,70.3,1870.3,7.24742268041237
134,NATMIN,29-Sep-2026,85.69,81.0,80.0,0.56,0.59,0.4,0.43,5.473217411599951,4.689999999999998,1.0,0.13000000000000006,1,0.13000000000000006,0.8699999999999999,80.87,6.692307692307688
135,NATMIN,29-Sep-2026,85.69,81.0,79.0,0.56,0.59,0.29,0.31,5.473217411599951,4.689999999999998,2.0,0.25000000000000006,1,0.25000000000000006,1.75,80.75,6.999999999999998
136,NATMIN,29-Sep-2026,85.69,81.0,78.0,0.56,0.59,0.21,0.23,5.473217411599951,4.689999999999998,3.0,0.33000000000000007,1,0.33000000000000007,2.67,80.67,8.090909090909088
137,NATMIN,29-Sep-2026,85.69,81.0,77.0,0.56,0.59,0.14,0.16,5.473217411599951,4.689999999999998,4.0,0.4,1,0.4,3.6,80.6,9.0
138,FSNECO,29-Sep-2026,338.5,320.0,310.0,2.3,2.5,1.05,1.2,5.465288035450517,18.5,10.0,1.0999999999999999,1,1.0999999999999999,8.9,318.9,8.090909090909092
139,LAULAB,29-Sep-2026,1861.6,1760.0,1740.0,12.95,13.5,9.95,10.4,5.457670820799308,101.59999999999991,20.0,2.549999999999999,1,2.549999999999999,17.450000000000003,1757.45,6.843137254901965
140,LAULAB,29-Sep-2026,1861.6,1760.0,1700.0,12.95,13.5,5.7,6.05,5.457670820799308,101.59999999999991,60.0,6.8999999999999995,1,6.8999999999999995,53.1,1753.1,7.695652173913044
141,INDR,29-Sep-2026,82.5,78.0,77.0,0.56,0.58,0.41,0.44,5.454545454545454,4.5,1.0,0.12000000000000005,1,0.12000000000000005,0.8799999999999999,77.88,7.3333333333333295
142,SWILIM,29-Sep-2026,275.0,260.0,255.0,3.45,3.6,2.35,2.5,5.454545454545454,15.0,5.0,0.9500000000000002,1,0.9500000000000002,4.05,259.05,4.263157894736841
143,SWILIM,29-Sep-2026,275.0,260.0,250.0,3.45,3.6,1.6,1.85,5.454545454545454,15.0,10.0,1.6,1,1.6,8.4,258.4,5.25
144,SWILIM,29-Sep-2026,275.0,260.0,240.0,3.45,3.6,0.7,0.8,5.454545454545454,15.0,20.0,2.6500000000000004,1,2.6500000000000004,17.35,257.35,6.547169811320755
145,TCS,29-Sep-2026,2369.0,2240.0,2200.0,19.5,20.3,13.35,13.65,5.445335584634868,129.0,40.0,5.85,1,5.85,34.15,2234.15,5.837606837606837
146,TCS,29-Sep-2026,2369.0,2240.0,2160.0,19.5,20.3,8.8,9.45,5.445335584634868,129.0,80.0,10.05,1,10.05,69.95,2229.95,6.960199004975125
147,TCS,29-Sep-2026,2369.0,2240.0,2140.0,19.5,20.3,7.2,7.6,5.445335584634868,129.0,100.0,11.9,1,11.9,88.1,2228.1,7.403361344537815
148,TCS,29-Sep-2026,2369.0,2240.0,2100.0,19.5,20.3,4.85,5.0,5.445335584634868,129.0,140.0,14.5,1,14.5,125.5,2225.5,8.655172413793103
149,ZOMLIM,29-Sep-2026,327.75,310.0,305.0,2.95,3.15,2.15,2.25,5.415713196033562,17.75,5.0,0.7000000000000002,1,0.7000000000000002,4.3,309.3,6.1428571428571415
150,ZOMLIM,29-Sep-2026,327.75,310.0,300.0,2.95,3.15,1.5,1.6,5.415713196033562,17.75,10.0,1.35,1,1.35,8.65,308.65,6.407407407407407
151,ZOMLIM,29-Sep-2026,327.75,310.0,295.0,2.95,3.15,1.0,1.15,5.415713196033562,17.75,15.0,1.8000000000000003,1,1.8000000000000003,13.2,308.2,7.333333333333332
152,ZOMLIM,29-Sep-2026,327.75,310.0,290.0,2.95,3.15,0.75,0.8,5.415713196033562,17.75,20.0,2.1500000000000004,1,2.1500000000000004,17.85,307.85,8.302325581395348
153,PUNBAN,29-Sep-2026,115.22,109.0,108.0,0.7,0.74,0.54,0.57,5.398368338830063,6.219999999999999,1.0,0.13,1,0.13,0.87,108.87,6.692307692307692
154,PUNBAN,29-Sep-2026,115.22,109.0,107.0,0.7,0.74,0.42,0.45,5.398368338830063,6.219999999999999,2.0,0.24999999999999994,1,0.24999999999999994,1.75,108.75,7.000000000000002
155,PUNBAN,29-Sep-2026,115.22,109.0,105.0,0.7,0.74,0.26,0.28,5.398368338830063,6.219999999999999,4.0,0.41999999999999993,1,0.41999999999999993,3.58,108.58,8.523809523809526
156,COALIN,29-Sep-2026,401.6,380.0,375.0,1.85,1.95,1.15,1.25,5.378486055776898,21.600000000000023,5.0,0.6000000000000001,1,0.6000000000000001,4.4,379.4,7.333333333333333
157,SUZENE,29-Sep-2026,46.5,44.0,43.0,0.52,0.56,0.33,0.35,5.376344086021505,2.5,1.0,0.17000000000000004,1,0.17000000000000004,0.83,43.83,4.882352941176469
158,SUZENE,29-Sep-2026,46.5,44.0,42.0,0.52,0.56,0.2,0.22,5.376344086021505,2.5,2.0,0.30000000000000004,1,0.30000000000000004,1.7,43.7,5.666666666666666
159,SUZENE,29-Sep-2026,46.5,44.0,40.0,0.52,0.56,0.08,0.1,5.376344086021505,2.5,4.0,0.42000000000000004,1,0.42000000000000004,3.58,43.58,8.523809523809524
160,LIC,29-Sep-2026,412.15,390.0,380.0,2.1,2.3,1.05,1.15,5.374256945286906,22.149999999999977,10.0,0.9500000000000002,1,0.9500000000000002,9.05,389.05,9.526315789473683
161,HINDAL,29-Sep-2026,1014.4,960.0,940.0,6.3,6.55,3.45,3.6,5.362776025236591,54.39999999999998,20.0,2.6999999999999997,1,2.6999999999999997,17.3,957.3,6.407407407407408
162,UNIBAN,29-Sep-2026,184.9,175.0,172.5,1.64,1.71,1.18,1.26,5.354245538128721,9.900000000000006,2.5,0.3799999999999999,1,0.3799999999999999,2.12,174.62,5.578947368421055
163,UNIBAN,29-Sep-2026,184.9,175.0,170.0,1.64,1.71,0.87,0.91,5.354245538128721,9.900000000000006,5.0,0.7299999999999999,1,0.7299999999999999,4.2700000000000005,174.27,5.849315068493152
164,UNIBAN,29-Sep-2026,184.9,175.0,165.0,1.64,1.71,0.48,0.51,5.354245538128721,9.900000000000006,10.0,1.13,1,1.13,8.870000000000001,173.87,7.849557522123895
165,NTPC,29-Sep-2026,327.5,310.0,305.0,1.65,1.75,0.95,1.05,5.343511450381679,17.5,5.0,0.5999999999999999,1,0.5999999999999999,4.4,309.4,7.333333333333336
166,NTPC,29-Sep-2026,327.5,310.0,300.0,1.65,1.75,0.55,0.6,5.343511450381679,17.5,10.0,1.0499999999999998,1,1.0499999999999998,8.95,308.95,8.523809523809524
167,BANBAR,29-Sep-2026,237.7,225.0,220.0,1.23,1.27,0.72,0.74,5.342869162810261,12.699999999999989,5.0,0.49,1,0.49,4.51,224.51,9.204081632653061
168,ADAPOR,29-Sep-2026,1647.5,1560.0,1540.0,9.1,9.4,6.55,6.8,5.311077389984825,87.5,20.0,2.3,1,2.3,17.7,1557.7,7.695652173913044
169,INDHOT,29-Sep-2026,718.0,680.0,670.0,3.35,3.5,2.0,2.25,5.2924791086350975,38.0,10.0,1.1,1,1.1,8.9,678.9,8.09090909090909
170,HCLTEC,29-Sep-2026,1351.4,1280.0,1260.0,9.8,10.2,6.85,7.1,5.283409797247305,71.40000000000009,20.0,2.700000000000001,1,2.700000000000001,17.299999999999997,1277.3,6.407407407407404
171,HCLTEC,29-Sep-2026,1351.4,1280.0,1250.0,9.8,10.2,5.65,5.85,5.283409797247305,71.40000000000009,30.0,3.950000000000001,1,3.950000000000001,26.049999999999997,1276.05,6.594936708860757
172,HCLTEC,29-Sep-2026,1351.4,1280.0,1200.0,9.8,10.2,2.2,2.5,5.283409797247305,71.40000000000009,80.0,7.300000000000001,1,7.300000000000001,72.7,1272.7,9.95890410958904
173,SAGINI,29-Sep-2026,46.45,44.0,43.0,0.55,0.58,0.37,0.39,5.274488697524225,2.450000000000003,1.0,0.16000000000000003,1,0.16000000000000003,0.84,43.84,5.249999999999999
174,SAGINI,29-Sep-2026,46.45,44.0,42.0,0.55,0.58,0.24,0.26,5.274488697524225,2.450000000000003,2.0,0.29000000000000004,1,0.29000000000000004,1.71,43.71,5.896551724137931
175,SAGINI,29-Sep-2026,46.45,44.0,41.0,0.55,0.58,0.16,0.2,5.274488697524225,2.450000000000003,3.0,0.35000000000000003,1,0.35000000000000003,2.65,43.65,7.57142857142857
176,SAGINI,29-Sep-2026,46.45,44.0,40.0,0.55,0.58,0.11,0.13,5.274488697524225,2.450000000000003,4.0,0.42000000000000004,1,0.42000000000000004,3.58,43.58,8.523809523809524
177,STABAN,29-Sep-2026,1034.5,980.0,970.0,3.7,3.8,2.6,2.65,5.268245529241179,54.5,10.0,1.0500000000000003,1,1.0500000000000003,8.95,978.95,8.52380952380952
178,STABAN,29-Sep-2026,1034.5,980.0,960.0,3.7,3.8,1.8,1.85,5.268245529241179,54.5,20.0,1.85,1,1.85,18.15,978.15,9.810810810810809
179,BIOCON,29-Sep-2026,401.05,380.0,370.0,2.3,2.45,1.1,1.25,5.248722104475754,21.05000000000001,10.0,1.0499999999999998,1,1.0499999999999998,8.95,378.95,8.523809523809524
180,PGELEC,29-Sep-2026,569.9,540.0,520.0,8.6,8.85,4.3,4.55,5.246534479733283,29.899999999999977,20.0,4.05,1,4.05,15.95,535.95,3.9382716049382718
181,DLFLIM,29-Sep-2026,675.15,640.0,630.0,5.5,5.75,3.85,4.1,5.206250462860102,35.14999999999998,10.0,1.4000000000000004,1,1.4000000000000004,8.6,638.6,6.1428571428571415
182,DLFLIM,29-Sep-2026,675.15,640.0,620.0,5.5,5.75,2.65,2.85,5.206250462860102,35.14999999999998,20.0,2.65,1,2.65,17.35,637.35,6.547169811320756
183,DLFLIM,29-Sep-2026,675.15,640.0,600.0,5.5,5.75,1.25,1.45,5.206250462860102,35.14999999999998,40.0,4.05,1,4.05,35.95,635.95,8.876543209876544
184,JINSP,29-Sep-2026,1160.0,1100.0,1080.0,8.1,8.5,4.7,6.0,5.172413793103448,60.0,20.0,2.0999999999999996,1,2.0999999999999996,17.9,1097.9,8.523809523809524
185,BANIND,29-Sep-2026,142.35,135.0,130.0,1.2,1.28,0.51,0.54,5.163329820864063,7.349999999999994,5.0,0.6599999999999999,1,0.6599999999999999,4.34,134.34,6.575757575757576
186,BHAELE,29-Sep-2026,411.2,390.0,385.0,2.25,2.35,1.55,1.65,5.155642023346301,21.19999999999999,5.0,0.6000000000000001,1,0.6000000000000001,4.4,389.4,7.333333333333333
187,BHAELE,29-Sep-2026,411.2,390.0,380.0,2.25,2.35,1.1,1.2,5.155642023346301,21.19999999999999,10.0,1.05,1,1.05,8.95,388.95,8.523809523809522
188,CROGRE,29-Sep-2026,885.5,840.0,820.0,8.95,9.25,5.0,5.45,5.138339920948617,45.5,20.0,3.499999999999999,1,3.499999999999999,16.5,836.5,4.714285714285715
189,ADAGRE,29-Sep-2026,1265.0,1200.0,1160.0,19.3,19.75,10.9,11.2,5.138339920948617,65.0,40.0,8.100000000000001,1,8.100000000000001,31.9,1191.9,3.938271604938271
190,CROGRE,29-Sep-2026,885.5,840.0,800.0,8.95,9.25,2.8,3.15,5.138339920948617,45.5,40.0,5.799999999999999,1,5.799999999999999,34.2,834.2,5.896551724137932
191,ADAGRE,29-Sep-2026,1265.0,1200.0,1120.0,19.3,19.75,6.0,6.15,5.138339920948617,65.0,80.0,13.15,1,13.15,66.85,1186.85,5.083650190114068
192,SBICAR,29-Sep-2026,632.4,600.0,590.0,4.7,4.8,3.0,3.25,5.123339658444019,32.39999999999998,10.0,1.4500000000000002,1,1.4500000000000002,8.55,598.55,5.896551724137931
193,SBICAR,29-Sep-2026,632.4,600.0,580.0,4.7,4.8,2.0,2.15,5.123339658444019,32.39999999999998,20.0,2.5500000000000003,1,2.5500000000000003,17.45,597.45,6.84313725490196
194,SBICAR,29-Sep-2026,632.4,600.0,570.0,4.7,4.8,1.3,1.45,5.123339658444019,32.39999999999998,30.0,3.25,1,3.25,26.75,596.75,8.23076923076923
195,BAJFI,29-Sep-2026,1053.9,1000.0,980.0,6.8,6.95,3.9,4.0,5.114337223645515,53.90000000000009,20.0,2.8,1,2.8,17.2,997.2,6.142857142857143
196,BAJFI,29-Sep-2026,1053.9,1000.0,970.0,6.8,6.95,2.95,3.15,5.114337223645515,53.90000000000009,30.0,3.65,1,3.65,26.35,996.35,7.219178082191782
197,BAJFI,29-Sep-2026,1053.9,1000.0,960.0,6.8,6.95,2.35,2.5,5.114337223645515,53.90000000000009,40.0,4.3,1,4.3,35.7,995.7,8.30232558139535
198,VEDLIM,29-Sep-2026,274.0,260.0,255.0,3.7,3.8,2.45,2.6,5.109489051094891,14.0,5.0,1.1,1,1.1,3.9,258.9,3.545454545454545
199,VEDLIM,29-Sep-2026,274.0,260.0,250.0,3.7,3.8,1.85,1.95,5.109489051094891,14.0,10.0,1.7500000000000002,1,1.7500000000000002,8.25,258.25,4.7142857142857135
200,VEDLIM,29-Sep-2026,274.0,260.0,240.0,3.7,3.8,0.95,1.05,5.109489051094891,14.0,20.0,2.6500000000000004,1,2.6500000000000004,17.35,257.35,6.547169811320755
201,CDSL,29-Sep-2026,1391.0,1320.0,1300.0,13.3,13.9,9.55,9.95,5.104241552839683,71.0,20.0,3.3500000000000014,1,3.3500000000000014,16.65,1316.65,4.970149253731341
202,KPITE,29-Sep-2026,590.0,560.0,550.0,7.65,8.95,5.7,6.0,5.084745762711865,30.0,10.0,1.6500000000000004,1,1.6500000000000004,8.35,558.35,5.06060606060606
203,KPITE,29-Sep-2026,590.0,560.0,540.0,7.65,8.95,4.25,4.45,5.084745762711865,30.0,20.0,3.2,1,3.2,16.8,556.8,5.25
204,WIPRO,29-Sep-2026,181.7,172.5,170.0,1.7,1.78,1.02,1.25,5.0632911392405004,9.199999999999989,2.5,0.44999999999999996,1,0.44999999999999996,2.05,172.05,4.555555555555555
205,WIPRO,29-Sep-2026,181.7,172.5,167.5,1.7,1.78,0.83,0.87,5.0632911392405004,9.199999999999989,5.0,0.83,1,0.83,4.17,171.67,5.024096385542169
206,WIPRO,29-Sep-2026,181.7,172.5,165.0,1.7,1.78,0.57,0.59,5.0632911392405004,9.199999999999989,7.5,1.1099999999999999,1,1.1099999999999999,6.390000000000001,171.39,5.756756756756758
207,WIPRO,29-Sep-2026,181.7,172.5,160.0,1.7,1.78,0.28,0.29,5.0632911392405004,9.199999999999989,12.5,1.41,1,1.41,11.09,171.09,7.865248226950355
208,BHEL,29-Sep-2026,426.55,405.0,400.0,5.2,5.55,4.2,4.35,5.052162700738486,21.55000000000001,5.0,0.8500000000000005,1,0.8500000000000005,4.1499999999999995,404.15,4.882352941176467
209,BHEL,29-Sep-2026,426.55,405.0,395.0,5.2,5.55,3.2,3.4,5.052162700738486,21.55000000000001,10.0,1.8000000000000003,1,1.8000000000000003,8.2,403.2,4.5555555555555545
210,BHEL,29-Sep-2026,426.55,405.0,390.0,5.2,5.55,2.5,2.6,5.052162700738486,21.55000000000001,15.0,2.6,1,2.6,12.4,402.4,4.769230769230769
211,BHEL,29-Sep-2026,426.55,405.0,385.0,5.2,5.55,1.9,2.05,5.052162700738486,21.55000000000001,20.0,3.1500000000000004,1,3.1500000000000004,16.85,401.85,5.349206349206349
212,BHEL,29-Sep-2026,426.55,405.0,380.0,5.2,5.55,1.45,1.65,5.052162700738486,21.55000000000001,25.0,3.5500000000000003,1,3.5500000000000003,21.45,401.45,6.04225352112676
213,BHEL,29-Sep-2026,426.55,405.0,370.0,5.2,5.55,0.9,1.0,5.052162700738486,21.55000000000001,35.0,4.2,1,4.2,30.8,400.8,7.333333333333333
214,MANAFI,29-Sep-2026,337.0,320.0,315.0,3.85,4.05,2.8,3.1,5.044510385756676,17.0,5.0,0.75,1,0.75,4.25,319.25,5.666666666666667
215,MANAFI,29-Sep-2026,337.0,320.0,310.0,3.85,4.05,2.1,2.25,5.044510385756676,17.0,10.0,1.6,1,1.6,8.4,318.4,5.25
216,MANAFI,29-Sep-2026,337.0,320.0,290.0,3.85,4.05,0.6,0.95,5.044510385756676,17.0,30.0,2.9000000000000004,1,2.9000000000000004,27.1,317.1,9.344827586206895
